message,messageSentiment.score,messageHate.score,id,sentiment,annotator,annotation_id,created_at,updated_at,lead_time
рджрд┐рд▓ рд╕реЗ рдзрдиреНрдпрд╡рд╛рдж рдЗрди рдЧреМ рд░рдХреНрд╖рдХреЛ рдХрд╛ред,2,1,31907,negative discourse,3,433,2022-10-27T11:31:22.993469Z,2022-11-09T07:51:00.253436Z,31.728
Attended the 5th meeting of NITI AayogтАЩs Governing Council. #NITIAayog has become a leading institution for policy making in the country while defining the national development agenda. It has helped to create a shared vision for development by promoting cooperative federalism amongst States.,2,0,31906,Non-hateful,2,508,2022-11-09T07:50:51.757918Z,2022-11-09T07:50:51.757946Z,16.038
рдЬрд▓рд╛ рддреЛ рджрд┐рдпрд╛ рддреБрдордиреЗ рдирд┐рд░реНрджреЛрд╖ рдкреБрдЬрд╛рд░реА рдмрд╛рдмрд╛ рдХреЛ рдХрд▓ рдХреЛ рдХреЛрдИ рд╣рд┐рдиреНрджреВ рдкрд░рд╢реБрд░рд╛рдо рдмрдирдХрд░ рддреБрдореНрд╣реЗ рдЬрд▓рд╛рдП рддреЛ рдпреЗ рдордд рдХрд╣рдирд╛ рд╕рд╡рд┐рдзрд╛рди рдЦрддрд░реЗ рдореЗрдВ рд╣реИ рд░рд╛рдЬрд╕реНрдерд╛рди рдХрд╛рдВрдб,0,1,31905,Hateful,2,507,2022-11-09T07:50:33.976845Z,2022-11-09T07:50:33.976876Z,17.675
"UP рдХреЗ 18 рдореБрд╕реНрд▓рд┐рдо рдкрд░рд┐рд╡рд╛рд░реЛрдВ рдиреЗ рдЕрдкрдирд╛рдпрд╛ рд╣рд┐рдВрджреВ рдзрд░реНрдо,рдмреЛрд▓реЗ рдореБрд╕реНрд▓рд┐рдо рдзрд░реНрдо рдореЗрдВ рдореМрдд рдХреЗ рдмрд╛рдж рднреА рдЬрдореАрди рдирд╣реА рд╣реЛрддреА рдирд╕реАрдм......",2,1,31904,negative discourse,2,506,2022-11-09T07:50:14.513203Z,2022-11-09T07:50:14.513234Z,8.598
рднрд╛рд░рддрднреВрдорд┐ рдореЗрдВ рдЬрдиреНрдореЗрдВ рд╕рднреА рдкрдВрде рдПрд╡рдВ рд╕рдореНрдкреНрд░рджрд╛рдпреЛрдВ рдХреЗ рд╕рдВрддреЛрдВ рджреНрд╡рд╛рд░рд╛ рд░рд╛рд╖реНрдЯреНрд░реАрдп рдПрдХрддрд╛ рдХреЗ рд▓рд┐рдП рд╕рд╛рдореВрд╣рд┐рдХ рдЙрджреНрдШреЛрд╖ рдзрд░реНрдорд╛рджреЗрд╢ рдХрд╛ рд╕реАрдзрд╛ рдкреНрд░рд╕рд╛рд░рдг #TalkatoraStadium рджрд┐рд▓реНрд▓реА рд╕реЗред #DharmaadeshUHF #рдзрд░реНрдорд╛рджреЗрд╢рдпреВрдПрдЪрдПрдл #рдзрд░реНрдорд╛рджреЗрд╢ #Dharmaadesh #рдпреВрдПрдЪрдПрдлрдзрд░реНрдорд╛рджреЗрд╢ #UHFDharmaadesh #UHF #UniteHinduFront #EkjutSanyukt #Delhi #Dharmadesh,1,0,31903,Non-hateful,2,505,2022-11-09T07:50:03.215791Z,2022-11-09T07:50:03.215823Z,34.154
рдЕрдпреЛрдзреНрдпрд╛ рдХреЗ рд╢реНрд░реА рд░рд╛рдо рдЬреА рдХрд╛ рднрд╡реНрдп рдордиреНрджрд┐рд░ рдХрд╛ рдирд┐рд░реНрдорд╛рдг рдХреБрдЫ рдЗрд╕ рддрд░рд╣ рд╣реЛрдЧрд╛ред #jaisriram #rammandirayodhya #RamMandirNirman #NarendraModi #PMModi #SureshChavhanke #SudarshanNews,1,0,31901,Non-hateful,2,504,2022-11-08T19:16:06.614673Z,2022-11-08T19:16:06.614699Z,12.242
"рд╣рд┐рдВрджреВ рдиреЗ рдИрд░рд╛рди рдЫреЛрдбрд╝рд╛ рд╣рд┐рдВрджреВ рдиреЗ рдХрд╛рдмреБрд▓ рдЫреЛрдбрд╝рд╛ рд╣рд┐рдВрджреВ рдиреЗ рдЧрд╛рдВрдзрд╛рд░ рдЫреЛрдбрд╝рд╛ 400 рд╕рд╛рд▓ рдкрд╣рд▓реЗ рд╣рд┐рдВрджреВ рдиреЗ рдЫреЛрдбрд╝рд╛ рдЕрдлрдЧрд╛рдирд┐рд╕реНрддрд╛рди, 200 рд╕рд╛рд▓ рдкрд╣рд▓реЗ рд╣рд┐рдВрджреВ рдиреЗ рдЫреЛрдбрд╝рд╛ рд╣рд┐рдВрджреВрдХреБрд╢, 100 рд╕рд╛рд▓ рдкрд╣рд▓реЗ рд╣рд┐рдВрджреВ рдиреЗ рдЫреЛрдбрд╝рд╛ рдерд╛ рддрдХреНрд╖рд╢рд┐рд▓рд╛, 70 рд╕рд╛рд▓ рдкрд╣рд▓реЗ рд╣рд┐рдВрджреВ рдиреЗ рдЫреЛрдбрд╝рд╛ рдкрд╛рдХрд┐рд╕реНрддрд╛рди, 40 рд╕рд╛рд▓ рдкрд╣рд▓реЗ рд╣рд┐рдВрджреВ рдиреЗ рдЫреЛрдбрд╝рд╛ рдмрд╛рдВрдЧреНрд▓рд╛рджреЗрд╢, 30 рд╕рд╛рд▓ рдкрд╣рд▓реЗ рд╣рд┐рдВрджреВ рдиреЗ рдЫреЛрдбрд╝рд╛ рдХрд╢реНрдореАрд░, 25 рд╕рд╛рд▓ рдкрд╣рд▓реЗ рд╣рд┐рдВрджреВ рдиреЗ рдЫреЛрдбрд╝рд╛ рдЕрд╕рдо, 20 рд╕рд╛рд▓ рдкрд╣рд▓реЗ рд╣рд┐рдВрджреВ рдиреЗ рдХреЗрд░рд▓ рдЫреЛрдбрд╝рд╛ рдерд╛ред рдЖрдЬ рд╣рд┐рдиреНрджреВ рдмрдВрдЧрд╛рд▓ рдЬрд╛ рд░рд╣рд╛ рд╣реИред 10 рд╕рд╛рд▓ рдмрд╛рдж рдкрд╢реНрдЪрд┐рдо рдмрдВрдЧрд╛рд▓ рдЫреЛрдбрд╝реЗрдВрдЧреЗ рд╣рд┐рдВрджреВ рд╣рд┐рдВрджреВ 15 рд╕рд╛рд▓ рдмрд╛рдж рд╣реИрджрд░рд╛рдмрд╛рдж рдЫреЛрдбрд╝реЗрдЧрд╛ред 20 рд╕рд╛рд▓ рдмрд╛рдж рдХреЗрд░рд▓ рдЫреЛрдбрд╝реЗрдВрдЧреЗ рд╣рд┐рдВрджреВ 50 рд╕рд╛рд▓ рдмрд╛рдж рдпрд╣ рд╣рд┐рдВрджреВ рднрд╛рд░рдд рдЫреЛрдбрд╝ рджреЗрдЧрд╛ред рдЙрд╕рдХреЗ рдмрд╛рдж рддреБрдо рд╣рд┐рдиреНрджреВ рдХрд╣рд▓рд╛рдУрдЧреЗ? рдпрд╛рдж рд░рдЦреЗрдВ, рдЬрдм рддрдХ рд╣рд┐рдВрджреВ рд╣реИрдВ, рддрдм рддрдХ рд╣рд┐рдВрджреБрд╕реНрддрд╛рди рд╣реИред рднрд╛рд░рдд рдХреЗ рдХреБрдЫ рд╣рд┐рд╕реНрд╕реЛрдВ рд╣рд┐рдиреНрджреВ рдиреЗ рдХрд┐рдпрд╛ рдХрдо : рд╡рд╣реА рд╣рд┐рд╕реНрд╕рд╛ рд╣рд┐рдиреНрджреБрд╕реНрддрд╛рди рд╕реЗ рдХрдЯ рдЧрдпрд╛ред #рдЗрддрд┐рд╣рд╛рд╕ #bajrangdal",1,1,31900,negative discourse,2,503,2022-11-08T19:15:52.472920Z,2022-11-08T19:15:52.472951Z,9.133
рдЬрдм рд╢реЗрд░ рдЖрдкрд╕ рдореЗрдВ рд▓рдбрд╝рддреЗ рд╣реИрдВ рддреЛ рдЙрдирдХреА рдЦрд╛рд▓ рдпреВрдБ рдмрд╛рдЬрд╛рд░ рдореЗрдВ рдмрд┐рдХрддреА рд╣реИрдВ рдЗрд╕ рддрд░рд╣ рдХреЗ рдХрдкрдбрд╝реЛ рдХреЛ рдмрдврд╝рд╛рд╡рд╛ рдордд рджреЛ,0,1,31899,needs more context,2,502,2022-11-08T19:15:41.669697Z,2022-11-08T19:15:41.669724Z,4225.181
рдлрд┐рд▓реНрдо рдореЗрдВ рд╣реЛрдВрдЧреЗ рдореЛрджреА рдХреЗ рдЪрд╛рдп рдмреЗрдЪрдиреЗ рд╕реЗ рд▓реЗрдХрд░ рдХреИрдВрдЯреАрди рд╕реНрдЯрд╛рдл рдХреЗ рд░реВрдк рдореЗрдВ рдХрд╛рдо рдХрд░рдиреЗ рд╕рдореЗрдд рдХрдИ рджреГрд╢реНрдп,1,0,31898,Non-hateful,2,501,2022-11-08T18:05:14.095435Z,2022-11-08T18:05:14.095461Z,2406.053
рд╣реЗ рд░реЛрдВрджреВ! рдЕрдЧрд░ рддреБрдо рдЙрдиреНрд╣реЗрдВ рд╕рдВрднрд╛рд▓рдХрд░ рд░рдЦрддреЗ рддреЛ рд╣рдореЗрдВ рдпреЗ рд╕рдм рдХрд░рдирд╛ рд╣реА рдирд╣реАрдВ рдкрдбрд╝рддрд╛!,0,1,31897,Abusive,2,500,2022-11-08T17:25:05.449271Z,2022-11-08T17:25:05.449296Z,40.905
"рд╕рддреНрддрд╛ рдЦреЛрдЦрд▓реЗ рд╡рд╛рджреЛрдВ рд╕реЗ рдирд╣реАрдВ рдмрд▓реНрдХрд┐ рдкрдХреНрдХреЗ рдЗрд░рд╛рджреЛрдВ рд╕реЗ рд╕рдореНрднрд╛рд▓реА рдЬрд╛рддреА рд╣реИ... рдпреЛрдЧреА рдЬреА рдХреА рд▓рдЦрдирдК рдХреА рдпрд╣ рддрд╕реНрд╡реАрд░ рдЙрд╕рдХреА рдмрд╛рдирдЧреА рд╣реИ, рдиреЗрддрд╛ рдЦреБрдж #рд░рдЬрд╛рдИ рдореЗрдВ рдЫреБрдкрдХрд░ #рдиреАрдВрдж рдХреА рдЖрдЧреЛрд╢ рдореЗрдВ рдЪрд▓реЗ рдЧрдП рд╣реЛрдВрдЧреЗ рддрдм рдпреЛрдЧреА рдЬреА рдардгреНрдб рд╕реЗ рдмреЗрд╣рд╛рд▓ рд▓реЛрдЧреЛрдВ рдХрд╛ рд░реИрди рдмрд╕реЗрд░реЛрдВ рдореЗрдВ рд╕рд░рдХрд╛рд░ рджреНрд╡рд╛рд░рд╛ рджреА рдЬрд╛рдиреЗ рд╡рд╛рд▓реА рд╕реБрд╡рд┐рдзрд╛рдУрдВ рдЬрд╛рдпрдЬрд╛ рд▓реЗрдиреЗ рдирд┐рдХрд▓реЗ рдереЗред рдЬрдп рдпреЛрдЧреА рдмрд╛рдмрд╛ рдХреА рдЬрдп рдпреЛрдЧрд┐рд░рд╛рдЬ ЁЯЩПЁЯЩП",2,0,31896,negative discourse,2,499,2022-11-08T17:24:23.154037Z,2022-11-08T17:24:23.154064Z,20803.337
рдмрд╛рдк рдиреЗ рдХреА рднрдбрд╝рд╡рд╛рдЧрд┐рд░реА рдмрд╣рди рдиреЗ рдХрд┐рдпрд╛ рдХреЛрдареЗ рдкрд░ рдкреНрдпрд╛рд░ рдмреЗрд╡рдбрд╝реЗ рдиреЗ рдХрд┐рдпрд╛ рдЕрдореНрдореА рдХреЛ рд╣рд▓рд╛рд▓ рддрдм рдЬрд╛рдХреЗ рдкреИрджрд╛ рд╣реБрдЖ рдирд░реЗрд╢ рдЕрдЧреНрд░рд╡рд╛рд▓..,0,1,31895,Abusive,2,498,2022-11-08T11:27:16.276324Z,2022-11-08T11:27:16.276352Z,19.071
р░Йр░Чр▒Нр░░р░╡р░╛р░ж р░░р░╣р░┐р░д р░нр░╛р░░р░др▒Н...ЁЯЗоЁЯЗ│,0,1,31894,needs more context,2,497,2022-11-08T11:26:55.519466Z,2022-11-08T11:26:55.519491Z,3.899
рд╣рд░ рд╣рд░ рдорд╣рд╛рджреЗрд╡ ЁЯЩП рдкреЗрдЬ рдХреЛ рдЬрд░реВрд░ рдлреЙрд▓реЛ рдХрд░реЗрдВЁЯЩП рджреБрдирд┐рдпрд╛ рдХреА рд╕рдмрд╕реЗ рдЦреВрдВрдЦрд╛рд░ рдЬрд┐рд╣рд╛рджреА рд╕рдВрдЧрдарди SiSi рдЕрдкрдиреА рдкрддреНрд░рд┐рдХрд╛ рдХреА рдорд╛рдзреНрдпрдо рд╕реЗ рдкреВрд░реЗ рд╣рд┐рдВрджреВ рд╕рдорд╛рдЬ рдХреЛ рдЬрдбрд╝ рд╕реЗ рд╕рдорд╛рдкреНрдд рдХрд░рдиреЗ рдХреА рд╕реАрдзреА рдЪреЗрддрд╛рд╡рдиреА рджреЗ рд░рд╣рд╛ рд╣реИ рдкрд░рдВрддреБ рдирд╛рд╣реА рд╣рд┐рдВрджреВрд╡рд╛рджреА рд╕рдВрдЧрдарди рдФрд░ рдирд╛рд╣реА рд╣рд┐рдВрджреВрд╡рд╛рджреА рд╕рд░рдХрд╛рд░ рдФрд░ рдирд╛ рд╣реА рд╣рд┐рдВрджреБрдУрдВ рдХреЗ рдмрдбрд╝реЗ-рдмрдбрд╝реЗ рдзрд░реНрдорд╛рдЪрд╛рд░реНрдп рдирд╛рд╣реА рдореАрдбрд┐рдпрд╛ рддрдВрддреНрд░ рдЗрд╕ рдкрд░ рдмреЛрд▓рдиреЗ рдХреЛ рддреИрдпрд╛рд░ рд╣реИ рдХреЗрд╡рд▓ 2 рд╕реЗ 4 рдзрд░реНрдордЧреБрд░реБ рдПрд╡рдВ рд╣рд┐рдВрджреВрд╡рд╛рджреА рд▓реЛрдЧреЛрдВ рдХреЛ рдЫреЛрдбрд╝ рджрд┐рдпрд╛ рдЬрд╛рдП рддреВ рд▓рдЧрднрдЧ рд╕рднреА рд╣рд┐рдВрджреБрдУрдВ рдХреЛ рдореВрд░реНрдЦ рдмрдирд╛рдиреЗ рдореЗрдВ рд▓рдЧреЗ рд╣реИрдВ рдФрд░ рд╕рдВрдкреВрд░реНрдг рд╣рд┐рдВрджреВ рд╕рдорд╛рдЬ рдЕрдкрдиреА рд╕реНрд╡рд╛рд░реНрде рдФрд░ рдЕрдкрдиреА рдХрд╛рдпрд░рддрд╛ рдХреЗ рдХрд╛рд░рдг рдореБрдЦ рджрд░реНрд╢рди рдмрдирдХрд░ рджреЗрдЦ рд░рд╣рд╛ рд╣реИ рдпрджрд┐ рдЗрддрдирд╛ рдЕрдкрдорд╛рди рдЬрд┐рд╣рд╛рджрд┐рдпреЛрдВ рдХреЗ рд▓реЛрдЧреЛрдВ рдХреА рдЧрдИ рд╣реЛрддреА рддреЛ рдЕрдм рддрдХ рдкреВрд░реЗ рд╣рд┐рдВрджреБрд╕реНрддрд╛рди рдЬрд▓ рдЪреБрдХрд╛ рд╣реЛрддрд╛ рдФрд░ рд╣рдЬрд╛рд░реЛрдВ рдирд┐рд░реНрджреЛрд╖ рд▓реЛрдЧреЛрдВ рдХреА рд╣рддреНрдпрд╛ рдХреА рдЬрд╛ рдЪреБрдХреА рд╣реЛрддреА рдХреНрдпреЛрдВрдХрд┐ рдЬрд┐рд╣рд╛рджрд┐рдпреЛрдВ рдЙрдирдХрд╛ рдордЬрд╣рдм рд╕рдмрд╕реЗ рдкрд╣рд▓реЗ рд╣реИрдВ рдФрд░ рд╣рдо рд╣рд┐рдВрджреБрдУрдВ рдХрд╛ рд╕реНрд╡рд╛рд░реНрде рд╕рдмрд╕реЗ рдкрд╣рд▓реЗ рдЗрд╕реА рдХрд╛рд░рдг рд╣рд┐рдВрджреБрдУрдВ рдХреА рдкрд▓рд╛рдпрди рд╣рд┐рдВрджреБрдУрдВ рдХрд╛ рдЕрдкрдорд╛рди рдФрд░ рд╣рд┐рдВрджреБрдУрдВ рдХреА рд╣рддреНрдпрд╛ рдкрд┐рдЫрд▓реЗ 1400 рд╕рд╛рд▓реЛрдВ рд╕реЗ рдЬрд╛рд░реА рд╣реИ рдЬрд╛рдЧреЛ рд╣рд┐рдВрджреВ рдЬрд╛рдЧреЛ,1,0,31893,negative discourse,2,496,2022-11-08T11:26:49.539448Z,2022-11-08T11:26:49.539472Z,30.159
рдХрд╛рдВрдЧреНрд░реЗрд╕ рд╡рд╛рд▓реЗ рдХрд┐рддрдиреЗ рдиреАрдЪ рд╣реИ рдореЛрджреАрдЬреА рдХреА рдорд╛рдБ рдХреЛ рднреА рдирд╣реА рдЫреЛреЬрд╛,0,1,31892,Abusive,2,495,2022-11-08T11:26:17.971671Z,2022-11-08T11:26:17.971698Z,6.153
"рд╕реНрд╡рд░ рднрд╛рд╕реНрдХрд░ рднреА рдХрд░рддреА рд╣реИ рдирд╢рд╛ рдЬрд╛рдиреЗ рдХреНрдпреЛрдВ, рд▓реЛрдЧ рдХрд╣ рд░рд╣реЗ рд╣реИ рдирд╢реЗреЬреАред",0,1,31891,Abusive,2,494,2022-11-08T11:26:10.056317Z,2022-11-08T11:26:10.056344Z,11.644
рджреАрдкрд╛ рдорд▓рд┐рдХ рднрд╛рд░рддреАрдп рдкреИрд░рд╛рд▓рдореНрдкрд┐рдХ рдЦрд┐рд▓рд╛рдбрд╝рд┐рдпреЛрдВ рдХреА рдЬреАрдд рдХреА рд╕реВрддреНрд░рдзрд╛рд░ рд╣реИрдВред,2,0,31890,Non-hateful,2,493,2022-11-08T11:25:57.146106Z,2022-11-08T11:25:57.146131Z,9.886
"рд▓рдбрд╝рдХреЗ рдиреЗ рдЖрдХрд░ рд╕реНрдЯреЗрдЬ рдкрд░ рдмреИрдареА рджреБрд▓реНрд╣рди рдХреЗ рд╕рд╛рде рдХрд░ рджреА рдРрд╕реА рд╣рд░рдХрдд, рджреЗрдЦрддреЗ рд░рд╣ рдЧрдП рд▓реЛрдЧ рдФрд░ рджреВрд▓реНрд╣рд╛",0,1,31889,Abusive,2,492,2022-11-08T11:25:45.584768Z,2022-11-08T11:25:45.584794Z,15.941
"рдпрд╛рдж рд░рдЦреЛ рдЬреЗрд╣рд╛рджрд┐рдпреЛрдВ, рдЕрдЧрд░ рддреБрдордиреЗ рдХреБрдЫ рднреА рд╣рд┐рдиреНрджреБрд╕реНрддрд╛рди рдХреЗ рдЦрд┐рд▓рд╛рдл рдХрд░рдиреЗ рдХрд╛ рд╕реЛрдЪрд╛ рднреА рддреЛ рддреБрдореНрд╣реЗрдВ рд╕рдореВрд▓ рдЙрдЦрд╛рдбрд╝ рдХреЗ рдлреЗрдВрдХ рджреЗрдВрдЧреЗ рдпреЗ 100 рдХрд░реЛрдбрд╝ рд╣рд┐рдиреНрджреБрд╕реНрддрд╛рдиреА",0,1,31888,negative discourse,2,491,2022-11-08T11:25:27.847604Z,2022-11-08T11:25:27.847629Z,18.752
"рдкрд╛рдХрд┐рд╕реНрддрд╛рди рд╕реЗ рдЖрдП рд╣рд┐рдВрджреВ рд╕рд░рдгрд╛рд░реНрдереА рд╕рд╛рдЙрде рджрд┐рд▓реНрд▓реА рдХреЗ рд╕реНрд▓рдо рдореЗрдВ рд░рд╣ рд░рд╣реЗ рд╣реИрдВ,рд▓реЗрдХрд┐рди рдордВрджрд┐рд░ рдХреЛ рдЬрдЧрд╣ рджреЗрдирд╛ рдирд╣реА рднреВрд▓реЗ..!!",0,1,31887,Non-hateful,2,490,2022-11-08T11:25:07.593820Z,2022-11-08T11:25:07.593846Z,13.889
"рд░реБрдмрд┐рдХрд╛ рд▓рд┐рдпрд╛рдХрдд рдХреА рдЕрдореНрдореА рдХрд╛ рд╣реБрдЖ рджреЗрд╣рд╛рдВрдд, рдореБрд╕реНрд▓рд┐рдо рд▓реЛрдЧ рдХрд░рдиреЗ рд▓рдЧреЗ рдРрд╕реЗ рднрджреНрджреЗ рдХрдореЗрдВрдЯред",0,1,31886,needs more context,2,489,2022-11-08T11:24:52.087496Z,2022-11-08T11:24:52.087526Z,12.473
рдЕрд▓рд╛рджреАрди рдХрд╛ рдЪрд┐рд░рд╛рдЧ.. рдФрд░ рдорд╣рд┐рд▓рд╛рдУрдВ рдХрд╛ рдореЗрдХрдЕрдк.. рджреЛрдиреЛрдВ рдХреЛ рд░рдЧреЬрдиреЗ рд╕реЗ рдЬрд┐рдиреНрди рдирд┐рдХрд▓рддреЗ рд╣реИрдВ ! #рдШрдиреНрдиреБ_рджрд╛рджрд╛ ЁЯШБЁЯШЬЁЯШВ #Aazaad #Rashtraputra #рдЖрдЬрд╝рд╛рдж #AzadArmy #Azad #JNU #HinduHero #AzadiWithAazaad #Movie #VandeMataram #рд╕рдирд╛рддрди_рднрд╛рд░рдд_рдЧреМрд░рд╡_рдордВрдЪ #ChandrashekharAzad #Bollywood #BombayTalkies #BombayTalkiesPictures #DubeIndustries #TheRajnarayanDube #ThePillarOfIndianCinema #BombayTalkiesLabortaries,1,0,31885,Abusive,2,488,2022-11-08T11:24:37.350212Z,2022-11-08T11:24:37.350238Z,17.981
# рдореЛрдбрд▓реАрдВрдЧ рдЫреЛрдбрд╝рд┐рдпреЗ # рдЕрдкрдиреА рд╣рд┐рдиреНрджреВ рд╕рдВрд╕реНрдХреГрддрд┐ рдХреЗ рдЕрдиреБрд░реВрдк рд╣реЛ рдЬрд╛рдИрдпреЗ ред ред,1,1,31884,Non-hateful,2,487,2022-11-08T11:24:17.762108Z,2022-11-08T11:24:17.762137Z,5.924
"рдУрд▓рд┐рдВрдкрд┐рдХ рдореЗрдВ рдмреНрд░реЙрдиреНрдЬ рдореЗрдбрд▓ рдЬреАрддрдиреЗ рд╡рд╛рд▓реА рднрд╛рд░рддреАрдп рд╣реЙрдХреА рдЯреАрдо рдкрд░ рд╣реЛ рд░рд╣реА рд╣реИ рдХрд┐ рдЗрдирд╛рдореЛрдВ рдХреА рдмреМрдЫрд╛рд░реЗрдВ, рдЬрд╛рдирд┐рдП рдХрд┐рд╕ рдЦрд┐рд▓рд╛рдбрд╝реА рдХреЛ рдХрд┐рддрдиреЗ рдорд┐рд▓реЗ...",1,0,31883,Non-hateful,2,486,2022-11-08T11:23:53.301609Z,2022-11-08T11:23:53.301634Z,10.821
"рдЙрддреНрддрд░ рдкреНрд░рджреЗрд╢ рдХреЗ рдЗрд╕ рд╢рд╣рд░ рдореЗрдВ рд╣реИ рдЕрдиреБрд╖реНрдХрд╛ рдФрд░ рд╡рд┐рд░рд╛рдЯ рдХрд╛ 80 рдХрд░реЛрдбрд╝ рдХрд╛ рдЖрд▓реАрд╢рд╛рди рдмрдВрдЧрд▓рд╛, рджреЗрдЦрд┐рдП рдЕрдВрджрд░ рдХреА рд╣реИрд░рддрдЕрдВрдЧреЗрдЬ рддрд╕реНрд╡реАрд░реЗрдВ",2,0,31882,Non-hateful,2,485,2022-11-08T11:23:39.748067Z,2022-11-08T11:23:39.748097Z,10.236
"рдорд╣рд╛рд░рд╛рдЬ рдХреА рд╕рдореНрдкрддреНрддрд┐ рдЬрд╛рдирдХрд╛рд░ рдЕрдореНрдмрд╛рдиреА-рдЕрдбрд╛рдиреА рдХреЛ рднреА рднреВрд▓ рдЬрд╛рдпреЗрдЧреЗ, рдЗрддрдиреА рд╣реИ рдХрд┐ рдХрдИ рд░рд╛рдЬреНрдпреЛрдВ рдХрд╛ рдмрдЬрдЯ рднреА рдЙрддрдирд╛ рдирд╣реАрдВ",0,0,31881,Non-hateful,2,484,2022-11-08T11:23:27.908202Z,2022-11-08T11:23:27.908227Z,5475.285
рдпреЗ рдХрднреА рдирд╣реАрдВ рд╕реБрдзрд░рдиреЗ рд╡рд╛рд▓реА,0,0,31880,needs more context,2,483,2022-11-08T09:52:08.979995Z,2022-11-08T09:52:08.980021Z,5.816
рдЕрдирдкреЭ рдЖрд░реНрдерд┐рдХ рд░реВрдк рд╕реЗ рдХрдордЬреЛрд░ рд▓реЛрдЧ рдЖрдЬ рдХрд▓ рдИрд╕рд╛рдИ рдорд┐рд╢рдирд░рд┐рдпреЛрдВ рдХреЗ рдирд┐рд╢рд╛рдиреЗ рдкреЗ рд╣реИред рд╕рд╛рд╡рдзрд╛рди рд░рд╣реЛ рдЗрди рд╕реЗред,0,1,31879,negative discourse,2,482,2022-11-08T09:51:53.683101Z,2022-11-08T09:52:01.924974Z,21.345
"рдЖрддрдВрдХрд╡рд╛рдж рдФрд░ рдХрд╢реНрдореАрд░реА рдкрдВрдбрд┐рддреЛрдВ рдХреА рд╣рддреНрдпрд╛ рдХреЗ рдорд╛рдорд▓реЗ рдореЗрдВ рджреЛрд╖реА рдпрд╛рд╕реАрди рдорд▓рд┐рдХ рдХреЛ рджрд┐рд▓реНрд▓реА рдХреА рдкрдЯрд┐рдпрд╛рд▓рд╛ рд╣рд╛рдЙрд╕ рдХреЛрд░реНрдЯ рдиреЗ рдЙрдореНрд░рдХреИрдж рдХреА рд╕рдЬрд╛ рд╕реБрдирд╛рдИ рд╣реИ рдпрд╛рд╕реАрди рдорд▓рд┐рдХ рдиреЗ рдШрд╛рдЯреА рдХреЛ рдЬрд╣рдиреНрдиреБрдо рдмрдирд╛рдпрд╛, рдЗрд╕ рдирд░ рдкрд┐рд╢рд╛рдЪ рдиреЗ рд╣рд┐рдВрджреБрдУрдВ рдХрд╛ рдЦреВрди рдмрд╣рд╛рдпрд╛, рдпреЗ рдЖрддрдВрдХреА рди рдЬрд╛рдиреЗ рдХрд┐рддрдиреЗ рд╣реА рдмреЗрдЧреБрдирд╛рд╣реЛрдВ рдХреА рд╣рддреНрдпрд╛ рдХрд╛ рджреЛрд╖реА рд╣реИ рдкрд╛рдХрд┐рд╕реНрддрд╛рди рдХреЗ рдкрд╛рд▓рддреВ рдпрд╛рд╕реАрди рдорд▓рд┐рдХ рдХреЗ рдХрд┐рддрдиреЗ рдЧреБрдирд╛рд╣ ? рдЬрдиреНрдирдд рдХреЛ рдХреИрд╕реЗ рдмрдирд╛рдпрд╛ рдЬрд╣рдиреНрдиреБрдо ?",0,1,31878,Non-hateful,2,481,2022-11-08T09:51:34.104389Z,2022-11-08T09:51:34.104414Z,193.646
"рдЗрд╕рдХреЛ рджрдмреЛрдЪ рд▓реЛ рдЧреГрд╣рдордВрддреНрд░реА рдЬреА, рдпреЗ рджреВрд╕рд░рд╛ рдЬрд╛рдХрд┐рд░ рдирд╛рдИрдХ рд╣реА рд╣реИ",0,1,31877,negative discourse,2,480,2022-11-08T09:48:18.751156Z,2022-11-08T09:48:18.751182Z,9.918
рдХрд╛рдВрдЧреНрд░реЗрд╕ рд╡рд╛рд▓реЗ рдкрд╛рдЧрд▓ рд╣реЛ рдЪреБрдХреЗ рд╣реИред,0,1,31876,Non-hateful,2,479,2022-11-07T14:54:29.934849Z,2022-11-07T14:54:29.934880Z,1518.77
"рдХреБрдЫ рд▓реЛрдЧ рддрд┐рд░рдВрдЧрд╛ рд▓реЗрдХрд░ рдпреВрдХреНрд░реЗрди рдпреБрджреНрдз рдХреНрд╖реЗрддреНрд░ рдореЗрдВ рднреА рдмреЗрдЦрд╝реМрдл рдШреВрдо рд░рд╣реЗ рд╣реИрдВ, рдФрд░ рдХреБрдЫ рджреЛрдЧрд▓реЗ рдХреЛ рднрд╛рд░рдд рдореЗ рднреА рдбрд░ рд▓рдЧрддрд╛ рд╣реИ! ЁЯТкЁЯП╝ЁЯЗоЁЯЗ│",0,1,31875,negative discourse,2,478,2022-11-07T14:29:08.426621Z,2022-11-07T14:29:08.426647Z,18.376
рд░рд╛рд╖реНрдЯреНрд░рдкрд┐рддрд╛ рдорд╣рд╛рддреНрдорд╛ рдЧрд╛рдВрдзреА рдЬреА рдХреА рдкреБрдгреНрдпрддрд┐рдерд┐ рдкрд░ рдЙрдиреНрд╣реЗрдВ рд╢рддреН-рд╢рддреН рдирдордиред,2,0,31872,Non-hateful,2,477,2022-11-07T14:28:46.715904Z,2022-11-07T14:28:46.715929Z,6.739
рдореИрдбрдо рд╡реЛ рд░рд╣рд╛ рдЬреЗрд▓ рдХрд╛ рджрд░рд╡рд╛рдЬрд╛!,0,1,31871,needs more context,2,476,2022-11-07T14:28:38.362713Z,2022-11-07T14:28:38.362739Z,6.035
"рдЕрднреА рдЬреЛ рд░рд╛рдЬреНрдп рд╕рд░рдХрд╛рд░реЗрдВ 3 рдордИ рдХреЗ рдмрд╛рдж рднреА рдХреЗрдВрджреНрд░ рд╕рд░рдХрд╛рд░ рд╕реЗ рд▓реЙрдХ рдбрд╛рдЙрди рдмрдврд╝рд╛рдиреЗ рдХреА рд╕рд┐рдлрд╝рд╛рд░рд┐рд╢ рдХрд░ рд░рд╣реА рд╣реИрдВ рд╡реЛ рдХреЛрд░реЛрдирд╛ рдХрд╛рд▓ рдореЗрдВ рдореЛрдЯрд╛ рдорд╛рд▓ рд╣рдЬрд╝рдо рдХрд░ рд░рд╣реА рд╣реИрдВред рдХреЗрдЬрд░реА рдЧреИрдВрдЧ рдЬрд┐рд╕ рддрд░рд╣ рд╣рд░ рд░реЛрдЬрд╝ рдПрдХ рдХрд░реЛрдбрд╝ рд▓реЛрдЧреЛрдВ рдХреЛ рдЦрд╛рдирд╛ рдЦрд┐рд▓рд╛рдиреЗ рдХрд╛ рджрд╛рд╡рд╛ рдХрд░ рд░рд╣реА рд╣реИ, рдЕрдЧрд░ рдпреЗ рд╕рд┐рд▓рд╕рд┐рд▓рд╛ рджреЛ рддреАрди рдорд╣реАрдиреЗ рдЪрд▓ рдЧрдпрд╛ рддреЛ рдпреЗ рдирдХреНрд╕рд▓реА рдЧреИрдВрдЧ рд╢рд╛рдпрдж рдкреВрд░реЗ рджреЗрд╢ рдореЗрдВ рдЪреБрдирд╛рд╡ рд▓рдбрд╝рдиреЗ рд▓рд╛рдпрдХрд╝ рдкреИрд╕реЗ рдХрд╛ рдЬреБрдЧрд╛рдбрд╝ рдХрд░ рд▓реЗрдЧреАред рджреВрд╕рд░реА рддрд░рдлрд╝ рдХрд╛рдВрдЧреНрд░реЗрд╕ рдХреА рд╕рдм рдЙрдореНрдореАрджреЗрдВ рдЕрд╢реЛрдХ рдЧрд╣рд▓реЛрдд рдкрд░ рдЯрд┐рдХреА рд╣реИрдВ, рджреЗрдЦрддреЗ рд╣реИрдВ рд╡реЛ рдХрд┐рддрдирд╛ рдлрдВрдб рдЬреБрдЧрд╛рдбрд╝ рдХрд░ рдкрд╛рддреЗ рд╣реИрдВред - рдХреГрд╖реНрдг рдЪреМрдзрд░реА",0,0,31870,Non-hateful,2,475,2022-11-07T14:28:30.703004Z,2022-11-07T14:28:30.703029Z,34.45
"рд╕рдЪрд┐рди рддреЗрдВрджреБрд▓рдХрд░ рдХреА рдмреЗрдЯреА рд╕рд╛рд░рд╛ рдХреА рдЗрди 10 рдЦреВрдмрд╕реВрд░рдд рддрд╕реНрд╡реАрд░реЛрдВ рдиреЗ рд╕реЛрд╢рд▓ рдореАрдбрд┐рдпрд╛ рдкрд░ рдордЪрд╛рдпрд╛ рдзрдорд╛рд▓, рдЬрд┐рд╕рдиреЗ рджреЗрдЦрд╛ рдирдЬрд░ рдирд╣реА рд╣рдЯреА",2,0,31869,Non-hateful,2,474,2022-11-07T14:27:54.399074Z,2022-11-07T14:27:54.399104Z,12.65
рдХрд╛рдВрдЧреНрд░реЗрд╕ рдХреЛ рд▓рдЧрд╛ рдПрдХ рдФрд░ рдЭрдЯрдХрд╛ - рдкреБрд╖реНрдкреЗрдВрджреНрд░ рдХреБрд▓рд╢реНрд░реЗрд╖реНрда ||,0,0,31868,needs more context,2,473,2022-11-07T14:27:39.972301Z,2022-11-07T14:27:39.972327Z,5.919
"рдиреНрдпреВрдЬреАрд▓реИрдВрдб рдХреА рдорд╕реНреЫрд┐рдж рдореЗрдВ рдЧреЛрд▓реАрдмрд╛рд░реА рдХрд░ рдХреЗ рдЖрддрдВрдХ рдордЪрд╛рдХрд░ рд╕реИрдХреЬреЛ рдирдорд╛реЫрд┐рдпреЛрдВ рдХреЛ рдЬрдиреНрдирдд рднреЗрдЬрдиреЗ рд╡рд╛рд▓реЗ рдХреНрд░рд┐рд╢реНрдЪрди рдмреЗрдВрдЯрди рдЯреЗрд░реЗрдВрдЯ рдиреЗ рдХрд╣рд╛ рд╣реИ рдХрд┐ рдореЗрд░реА рдореБрд╕рд▓рдорд╛рдиреЛрдВ рд╕реЗ рдХреЛрдИ рджреБрд╢реНрдордиреА рдирд╣реА рд╣реИ, рдореБрд╕рд▓рдорд╛рдиреЛрдВ рдХреЗ рд▓рд┐рдП рдиреЮрд░рдд рдХрд╛ рдХрд╛рд░рдг рдЙрдирдХрд╛ рдмрд╛рд╣рд░реА рджреЗрд╢реЛрдВ рд╕реЗ рдЖрдХрд░ рдЕрд╡реИрдз рдХрдмреНрдЬрд╛, рдзрд░реНрдорд╛рдВрддрд░рдг рдФрд░ рд╣рд┐рдВрд╕рд╛ рдХрд░рдирд╛ рд╣реИред рдПрдХ 12 рд╕рд╛рд▓ рдХреА рдореВрдХ рдмрдзрд┐рд░ рд▓реЬрдХреА рдПрдмреНрдмрд╛ рдПрдХрд░рд▓реИрдВрдб рдХреА рдореБрд╕реНрд▓рд┐рдо рдЖрддрдВрдХрд╡рд╛рджреА рджреНрд╡рд╛рд░рд╛ рдХреА рдЧрдИ рд╣рддреНрдпрд╛ рдХрд╛ рдмрджрд▓рд╛ рд▓рд┐рдпрд╛ рд╣реИ рдореИрдиреЗред рдЖрдЬ рдиреНрдпреВрдЬреАрд▓реИрдВрдб рдХреА рдорд╕реНреЫрд┐рдж рдореЗрдВ рд╣реБрдП рдЧреИрд░ рдЗрд╕реНрд▓рд╛рдореА рджреНрд╡рд╛рд░рд╛ рдЖрддрдВрдХреА рд╣рдорд▓реЗ рд╕реЗ рдкреВрд░рд╛ рдЗрд╕реНрд▓рд╛рдорд┐рдХ рдЬрдЧрдд рдмрд┐рд▓рдмрд┐рд▓рд╛ рдЙрдард╛ рд╣реИред рдпрд╣рд╛рдБ рдореБрд╕рд▓рдорд╛рдиреЛрдВ рдХреЛ рд╕реЛрдЪрдирд╛ рдЪрд╛рд╣рд┐рдП рдкрд┐рдЫрд▓реЗ 1450 рд╕рд╛рд▓реЛрдВ рдореЗрдВ рддреБрдордиреЗ рдЧреИрд░ рдореБрд╕реНрд▓рд┐рдореЛрдВ рдХрд╛ рдЬреЛ рд░рдХреНрдд рдмрд╣рд╛рдпрд╛ рд╣реИ, рдЕрдЧрд░ рд╣рд░ рдЧреИрд░ рдореБрд╕реНрд▓рд┐рдо рдХреНрд░рд┐рд╢реНрдЪрди рдмреЗрдВрдЯреЗрди рдЯреЗрд░реЗрдВрдЯ рдХреА рддрд░рд╣ рдЙрд╕рдХрд╛ рдмрджрд▓рд╛ рд▓реЗрдиреЗ рдХреА рдард╛рди рд▓реЗ рддрдм рддреБрдо рдХрд╣рд╛рдБ рднрд╛рдЧреЛрдЧреЗ! рдХреНрд░рд┐рд╢реНрдЪрди рдмреЗрдВрдЯреЗрди рдЯреЗрд░реЗрдВрдЯ рдФрд░ рдРрд╕реЗ рдХрдИ рдФрд░реЛ рдХреА рдЖрддрдВрдХреА рдорд╛рдирд╕рд┐рдХрддрд╛ рдХреЗ рдЬрд┐рдореНрдореЗрд╡рд╛рд░ рдкреВрд░реА рддрд░рд╣ рддреБрдо рдореБрд╕рд▓рдорд╛рди рд╣реА рд╣реЛред рдЖрддрдВрдХ рдХрд╛ рдмрд┐реЫ рддреБрдордиреЗ рд╣реА рдмреЛрдпрд╛ рд╣реИ рдЬреЛ рдЖрдЬ рд▓реМрдЯрдХрд░ рддреБрдореНрд╣рд╛рд░реА рдФрд░ рд╣реА рдЖ рд░рд╣рд╛ рд╣реИред",0,1,31866,Hateful,2,472,2022-11-07T14:27:31.119371Z,2022-11-07T14:27:31.119397Z,59.714
"рдорд╣рд╛рдХрд╛рд▓ рдордВрджрд┐рд░ рдореЗрдВ рдЦреБрджрд╛рдИ рд╕реЗ рдирд┐рдХрд▓реЗ рдХрд░реАрдм 2100 рд╕рд╛рд▓ рдкреБрд░рд╛рдиреА рдИрдВрдЯ, рдЬрд▓рд╛рдзрд╛рд░реА рд╢рд┐рд╡рд▓рд┐рдВрдЧ рд╡ рд╡рд┐рд╖реНрдгреБ рдХреА рдореВрд░реНрддреА ",1,0,31865,Non-hateful,2,471,2022-11-07T14:26:29.793104Z,2022-11-07T14:26:29.793129Z,13.888
рд╢рд░реНрдо рдХрд░реЛ рдХрд╛рдВрдЧреНрд░реЗрд╕ рдЪреБрд▓реНрд▓реВ рднрд░ рдкрд╛рдиреА рдореЗ рдбреВрдм рдорд░реЛред,0,1,31864,needs more context,2,470,2022-11-07T14:26:12.499037Z,2022-11-07T14:26:12.499063Z,8.42
рд╕реБрдмреНрд░рдордгреНрдпрдо рд╕реНрд╡рд╛рдореА рд╕реЗ рдкреВрдЫрд╛ рдХреНрдпрд╛ рд╣реИ рд╣рд┐рдВрджреБрддреНрд╡ рдХреА рд╕реНрдХреНрд░рд┐рдкреНрдЯ? рддреЛ рдХреБрдЫ рдРрд╕рд╛ рдЖрдпрд╛ рдЬрд╡рд╛рдм,1,0,31863,negative discourse,2,469,2022-11-07T14:26:02.351702Z,2022-11-07T14:26:02.351731Z,13.067
Paper Kisko Dekhna hai ajao... #AndhBhakton,1,0,31862,Abusive,2,468,2022-11-07T14:25:37.145359Z,2022-11-07T14:25:46.170225Z,15.985
"рдЕрдЧрд░ рджреЗрд╢ рдХреЗ рдореБрд╕рд▓рдорд╛рдиреЛрдВ рдиреЗ рдЕрдкрдирд╛ рдЖрджрд░реНрд╢ рдбреЙрдХреНрдЯрд░ рдХрд▓рд╛рдо рдЬреИрд╕реЗ рдореБрд╕рд▓рдорд╛рди рдХреЛ рдорд╛рдирд╛ рд╣реЛрддрд╛ рддреЛ рджреЗрд╢ рдореЗ рдХреЛрдИ рд╕рдорд╕реНрдпрд╛ рдирд╣реА рд╣реЛрддреА , рд▓реЗрдХрд┐рди рджреБрд░реНрднрд╛рдЧреНрдп рд╣реИ рдХреА рдореБрд╕рд▓рдорд╛рдиреЛрдВ рдиреЗ рдЕрдкрдирд╛ рдЖрджрд░реНрд╢ рдЖреЫрдо рдЦрд╛рди , рдУрд╡реИрд╕реА , рд╡рд╛рд░рд┐рд╕ рдкрдард╛рди рдЬреИрд╕реЗ рдореБрд╕рд▓рдорд╛рдиреЛрдВ рдХреЛ рдорд╛рдирд╛ рд╣реИ !!",0,1,31861,negative discourse,2,467,2022-11-07T14:25:22.105507Z,2022-11-07T14:25:22.105533Z,18.923
"рдорд┐рд╕ рдпреВрдирд┐рд╡рд░реНрд╕ рд╣рд░рдирд╛рдЬ рд╕рд┐рдВрдзреБ рдХреИрдорд░реЗ рдХреЗ рд╕рд╛рдордиреЗ рднреВрд▓ рдмреИрдареА рд▓рд╛рдЬ рд╢рд░реНрдорд╛, рдкреЗрдВрдЯ рдЙрддрд╛рд░ рджрд┐рдЦрд╛рдПрдВ рд╢рд░реАрд░ рдХрд╛ рдпреЗ рдкреНрд░рд╛рдЗрд╡реЗрдЯ рдкрд╛рд░реНрдЯ, рдордЪрд╛ рдмрд╛рдмрд▓тАж",0,0,31860,needs more context,2,466,2022-11-07T14:25:01.475013Z,2022-11-07T14:25:01.475040Z,49.232
"рд╢рдХреНрддрд┐ рдХрдкреВрд░ рдХрд╛ рдмреЗрдЯрд╛ рд╣реБрдЖ рдбреНрд░-рдЧреНрд╕ рдорд╛рдорд▓реЗ рдореЗрдВ рдЧрд┐рд░рдлреНрддрд╛рд░,рд▓реЛрдЧ рдлрд┐рд░ рдЙрдард╛рдиреЗ рд▓рдЧреЗ рд╕реБрд╢рд╛рдВрдд рд╕рд┐рдВрд╣ рд░рд╛рдЬрдкреВрдд рдХреЗ рд▓рд┐рдП рдиреНрдпрд╛рдп рдХреА рдорд╛рдВрдЧред",0,0,31859,needs more context,2,465,2022-11-07T14:24:10.603941Z,2022-11-07T14:24:10.603969Z,12.852
рд░рд╛рдо рдордВрджрд┐рд░ рдирд┐рд░реНрдорд╛рдг рдХреЗ рдпрдЬреНрдЮ рдореЗрдВ рд╕рдВрдЬрдп рдЬреИрд╕реЗ рди рдЬрд╛рдиреЗ рдХрд┐рддрдиреЗ рдФрд░ рд░рд╛рдХреНрд╖рд╕ рдЖрдПрдВрдЧреЗ рдФрд░ рд╕реНрд╡рд╛рд╣рд╛ рд╣реЛрдВ рдЬрд╛рдПрдЧреЗ рдмрд╕ рд╣рд╡рди рдХреА рдЬреНрд╡рд╛рд▓рд╛ рдХрдордЬреЛрд░ рди рдкреЬрдиреЗ рджреЗрдирд╛..!! ЁЯЩП,0,1,31858,Hateful,2,464,2022-11-07T14:23:55.746611Z,2022-11-07T14:23:55.746637Z,11.602
"рдЭрд╛рд░рдЦрдВрдб рдореЗрдВ 181 рдЖрджрд┐рд╡рд╛рд╕рд┐рдпреЛрдВ рдиреЗ рдХреА рдШрд░ рд╡рд╛рдкрд╕реА, рдХрд╣рд╛- рд▓реЛрдн...",1,0,31867,negative discourse,2,463,2022-11-07T14:23:40.725290Z,2022-11-07T14:23:40.725315Z,7.978
"рдЬрд╛рд╡реЗрдж рдЕрдЦреНрддрд░ рдХрд╛ рдмреЗрдЯрд╛ рдлрд░рд╣рд╛рди рдЕрдЦреНрддрд░ рдЗрд╕ рд╣рд┐рдВрджреВ рд▓реЬрдХреА рд╕реЗ рдХрд░реЗрдЧрд╛ рджреВрд╕рд░реА рд╢рд╛рджреА,рдЬрд╛рд╡реЗрдж рдЕрдЦреНрддрд░ рдиреЗтАж",1,0,31874,needs more context,2,462,2022-11-07T14:23:30.795080Z,2022-11-07T14:23:30.795105Z,12.022
"рдкреВрд░реЗ рдкрд░рд┐рд╡рд╛рд░ рдХрд╛ рдПрдХ рдПрдХ рдХрд▓рдВрдХ рд╕рд╛рдордиреЗ рдЖрдПрдЧрд╛, рдЗрддрд┐рд╣рд╛рд╕ рдпрд╛рдж рд░рдЦреЗрдЧрд╛ рдЙрд╕ рдЕрдпреНрдпрд╛рд╢ рдкреНрд░рдзрд╛рдирдордВрддреНрд░реА рдХреЛ, рдХрднреА рдирд╣реАрдВ рдорд╛рдлрд╝ рдХрд░реЗрдЧрд╛ рджреЗрд╢ рддреБрдореНрд╣реЗрдВ рдиреЗрд╣рд░реВ! #Pushpendra_kulshrestha",0,0,31857,negative discourse,2,461,2022-11-07T14:22:52.501115Z,2022-11-07T14:22:52.501141Z,2823.844
https://youtu.be/ZvR2n5txfCA:=:https://www.youtube.com/watch?v=ZvR2n5txfCA&feature=youtu.be,1,0,31856,needs more context,3,431,2022-10-27T11:28:23.582280Z,2022-11-07T13:35:46.933756Z,10.575
"we are a political party (Akhand bharat party) our motto is to put forward misdeeds being done by courrupteds ,infront of innocent public of INDIA fight against the exploitation of helpless farmers ,workers,poor and womens. рдХреГрдкрдпрд╛ рдкреЗрдЬ рдХреЛ рд▓рд╛рдЗрдХ рдУрд░ рдлреЙрд▓реЛ рдХрд░реЗрдВ ред",0,1,31855,Non-hateful,2,460,2022-11-07T13:35:39.098875Z,2022-11-07T13:35:39.098900Z,18.226
"рдЕрдореЗрд░рд┐рдХрд╛ рдкрд░ рдмреБрд░реА рддрд░реАрдХреЗ рд╕реЗ рднрдбрд╝рдХрд╛ рдЙрдард╛ рдкрд╛рдХрд┐рд╕реНрддрд╛рди, рдмреЛрд▓рд╛ рд╣реА рдкрд╛рдХрд┐рд╕реНрддрд╛рди рдХреЛ рд╕рдордЭрд╛ рд╣реИ рдХрдЪрд░рд╛ рдЙрдард╛рдиреЗ рд╡рд╛рд▓рд╛ , рднрд╛рд░рдд рдЖрдИ",0,1,31854,needs more context,2,459,2022-11-07T13:35:18.804933Z,2022-11-07T13:35:18.804960Z,17.686
"рдХреЗрдЬрд░реАрд╡рд╛рд▓ рдХреЗ рдЗрд╕ рдордВрддреНрд░реА рдиреЗ рд░рд╛рдо рдФрд░ рдХреГрд╖реНрдг рдХреЗ рдмрд╛рд░реЗ рдореЗрдВ рдРрд╕реА рднрджреНрджреА рднрд╛рд╖рд╛ рдХрд╛ рдЗрд╕реНрддреЗрдорд╛рд▓ рдХрд┐рдпрд╛ рд╣реИрдВ, рд╣рдорд╛рд░реЗ рднрдЧрд╡рд╛рдиреЛрдВ рдХреЗ рдмрд╛рд░реЗ рдореЗрдВ рдРрд╕реА рдЧрдВрджреА рд╕реЛрдЪ рдХреНрдпреЛрдВ? рдХрд░реЛрдбрд╝реЛ рд╣рд┐рдВрджреБрдУ рдХреА рдЖрд╕реНрдерд╛ рдкрд░ рд╕рд╡рд╛рд▓ рдХреНрдпреЛрдВ рдЗрдирдХреА рд╣рд┐рдореНрдордд рдпрд╛ рдФрдХрд╛рдд рд╣реИ рдХрд┐рд╕реА рдЕрдиреНрдп рдзрд░реНрдо рдХреЗ рдИрд╢реНрд╡рд░ рдкрд░ рд╕рд╡рд╛рд▓ рдХрд░рдиреЗ рдХреА рд╕реБрдиреЛ рдХреЗрдЬрд░реАрд╡рд╛рд▓- рдЕрдЧрд░ рдЗрд╕рдХреЛ рдордВрддреНрд░рд┐рдкрдж рд╕реЗ рддреБрд░рдВрдд рдирд╣реАрдВ рд╣рдЯрд╛рдпрд╛ рддреЛ рд╣рдо рдпреЗ рдорд╛рдиреЗрдВрдЧреЗ рдХрд┐ рдпреЗ рдЖрджрдореА рддреБрдореНрд╣рд╛рд░реЗ рдЗрд╢рд╛рд░реЗ рдкрд░ рдмреЛрд▓ рд░рд╣рд╛ рд╣реИрдВ #AntiHinduAAP",0,1,31853,Non-hateful,2,458,2022-11-07T13:34:57.979226Z,2022-11-07T13:34:57.979253Z,23.763
"рдЕрдХреНрд╕рд░ рд╣рд┐рдВрджреБрдУрдВ рдХреЛ рдХрдИ рд▓реЛрдЧ рд╡реНрдпрдВрдЧ рдХрд╕рддреЗ рд╣реИрдВ , рдЧреМ рдХреЛ рд╣рд┐рдиреНрджреВ рдорд╛рддрд╛ рдХрд╣рддреЗ рд╣реИрдВред рдкрд░ рд╣рдорд╛рд░реА 90% рд╣рд┐рдиреНрджреВ рднрд╛рдЗрдпреЛрдВ рдХреЛ рдпрд╣ рдирд╣реА рдЖрддрд╛ рд╣реЛрдЧрд╛ рдЧреМ рдХреЛ рдорд╛рдБ рдХреНрдпреВрдВ рдмреЛрд▓рд╛ рдЬрд╛рддрд╛ рд╣реИ ред рдЗрд╕реЗ рдХреЛ рдзреНрдпрд╛рди рдореЗрдВ рд░рдЦрддреЗ рд╣реБрдП рдЖрдкрдХреЗ рд╕рдордХреНрд╖ 23 рдкреНрд░рдореБрдЦ рдХрд╛рд░рдг рдХрд╛ рд▓реЗрдЦ рд▓реЗрдХрд░ рдЖрдП рд╣реИрдВ ред рдХреНрдпреВрдБ рдЧреМ рдХреЛ рдорд╛рдБ рдмреЛрд▓рд╛ рдЬрд╛рддрд╛ рд╣реИ ? рдкреЭрд┐рдпреЗ рдФрд░ рдЖрдЬ рдХреА рдпреБрд╡рд╛ рдкреАреЭреА рдХреЛ рдЬрд░реВрд░ рднреЗрдЬреЗрдВ ред https://saffrontigers.com/why-cow-called-mother/",1,0,31852,negative discourse,2,457,2022-11-07T13:34:32.224396Z,2022-11-07T13:34:32.224426Z,366.305
рдЧрд╛рдп рдХреЛ рдХрд╛рдЯрдХрд░ рдЦрд╛рдиреЗ рд╡рд╛рд▓реЗ рдФрд░ рдЧрд╛рдп рдХреЛ рдШрд░ рдХреА рдкрд╣рд▓реА рд░реЛрдЯреА рдЦрд┐рд▓рд╛рдХрд░ рдкреВрдЬрдиреЗ рд╡рд╛рд▓реЗ рдХрднреА рднрд╛рдИ-рднрд╛рдИ рдирд╣реА рд╣реЛ рд╕рдХрддреЗред,0,1,31851,negative discourse,2,456,2022-11-07T07:38:01.141245Z,2022-11-07T07:38:01.141271Z,28.737
"рддрд╛рд░рдХ рдореЗрд╣рддрд╛ рдХрд╛ рдЙрд▓реНрдЯрд╛ рдЪрд╢реНрдорд╛ рдХреА рдкреБрд░рд╛рдиреА рд╕реЛрдиреВ рдиреЗ рдирдП рдмреНрд╡реЙрдпрдлреНрд░реИрдВрдб рдХреА рджреА рдЬрд╛рдирдХрд╛рд░реА, рдЯрдкреНрдкреВ рдХреЗ рд╕рд╛рде рд░рд┐рд▓реЗрд╢рдирд╢рд┐рдк рдкрд░ рджрд┐рдпрд╛ рдЖрдк рдмрдпрд╛рди",1,0,31850,needs more context,2,455,2022-11-07T07:37:28.884912Z,2022-11-07T07:37:28.884940Z,17.836
Modi рдЬреА рдЖрдкрдХреЛ рд╢рд░реНрдо рдирд╣реАрдВ рдЖрддреА рдкрд╛рдпрд▓ рд░реЛрд╣рддрдЧреА,0,0,31849,needs more context,2,454,2022-11-07T07:37:09.165526Z,2022-11-07T07:37:09.165550Z,13.327
рдЦреБрджрд╡рд╛ рджреЛ рдорд╕реНрдЬрд┐рджреЛрдВ рдХреА рджреАрд╡рд╛рд░реЗрдВ рд╡рд╣рд╛рдВ рднреА рдорд╣рд╛рджреЗрд╡ рдХреЗ рд╕рд╛рдВрдк рдирд┐рдХрд▓реЗрдВрдЧреЗтШЭя╕П рдФрд░ рдХрд░рд╡рд╛ рд▓реЗрдирд╛ рддреБрдо рдЕрдкрдирд╛ рднреА DNA рдЯреЗрд╕реНрдЯ рд╣рд┐рдиреНрджреВ рд╣реА рддреБрдореНрд╣рд╛рд░реЗ рдмрд╛рдк рдирд┐рдХрд▓реЗрдВрдЧреЗред,0,1,31848,negative discourse,2,453,2022-11-07T07:36:54.271084Z,2022-11-07T07:36:54.271114Z,18.203
рдорд╣рд╛рд░рд╛рд╖реНрдЯреНрд░ #рдирд╛рдБрджреЗрдВрдб рдореЗрдВ #рд╕рджрдЧреБрд░реБ_рд╢рд┐рд╡рдЪрд░реНрдпрд╛ рдХреА рдЧрд▓рд╛ рд░реЗрдд рдХрд░ рдирд┐рд░реНрдордо рд╣рддреНрдпрд╛.. рдПрдХ рдорд╣реАрдиреЗ рдореЗрдВ рдорд╣рд╛рд░рд╛рд╖реНрдЯреНрд░ рдореЗрдВ рдпреЗ рд╕рд╛рдзреБрдУрдВ рдХреА рд╣рддреНрдпрд╛ рдХрд╛ рджреВрд╕рд░рд╛ рдорд╛рдорд▓рд╛ рд╣реИ.. рдЬреНрдЮрд╛рдд рд╣реЛ рдХрд┐ тАЬрдирд╛рдВрджреЗрдбрд╝тАЭ рднреА рдИрд╕рд╛рдИ рдорд┐рд╢рдирд░рд┐рдпреЛрдВ рдХрд╛ рдЧреЭ рд╣реИ рдФрд░ рдореВрдХ рджрд░реНрд╢рдХ рдмрдирдХрд░ рдмреИрдареА рдЙрджреНрдзрд╡ рдард╛рдХрд░реЗ рд╕рд░рдХрд╛рд░ рдЗрд╕ рдкрд░ рднреА рдЪреБрдк рд░рд╣реЗрдЧреА рдХреНрдпреВрдБрдХрд┐ рдЙрд╕реЗ рдЕрдкрдиреА рдХреБрд░реНрд╕реА рд╕реЗ рдЬрд╝реНрдпрд╛рджрд╛ рдкреНрдпрд╛рд░ рд╣реИ.. #JusticeForHinduSadhus,0,0,31847,needs more context,2,452,2022-11-07T07:36:29.067553Z,2022-11-07T07:36:29.067580Z,25.872
рдЗрд╕реНрд▓рд╛рдорд┐рдХ рдЬрд┐рд╣рд╛рджрд┐рдпреЛрдВ рдиреЗ рдлрд┐рд░ рдкрд╛рд░ рдХреАрдВ рдХреНрд░реВрд░рддрд╛ рдХреА рд╣рджреЗрдВ ... рдПрдХ рдЧрд╛рдВрд╡ рдкрд░ рд╣рдорд▓рд╛ рдХрд░ 100 рд╕реЗ рдЬреНрдпрд╛рджрд╛ рд▓реЛрдЧреЛрдВ рдХреЛ рдорд╛рд░ рдбрд╛рд▓рд╛,0,1,31846,negative discourse,2,451,2022-11-07T07:36:01.708906Z,2022-11-07T07:36:01.708935Z,12.393
рдпрд╣рд╛рдБ рджреЗрд╢ рдореИрдВ рдирд╛ рдЬрд╛рдиреЗ рдХрд┐рддрдиреЗ рд▓реЛрдЧ рднреЛрдЬрди рдХреЗ рд▓рд┐рдП рдкрд░реЗрд╢рд╛рди рд╣реЛ рд░рд╣реЗ рд╣реИ рд▓рд╛рдХреНрдбрд╛рдЙрди рдХреЗ рдЪрд▓рддреЗ рдЗрдиреНрд╣реЗрдВ рд╣рд░рд╛рдо рдореИрдВ рдордЯрди рдЦрд╛рдирд╛ рд╣реИред,0,1,31832,Hateful,2,438,2022-11-02T13:03:24.050253Z,2022-11-03T14:27:22.875228Z,1076.173
рдЕрдм рдПрдХ-рдПрдХ рдЬрд┐рд╣рд╛рджрд┐рдпреЛрдВ рдХреА рд▓реА рдЬрд╛рдПрдЧреА рдЦрдмрд░!,1,1,31831,negative discourse,3,432,2022-10-27T11:29:43.757564Z,2022-11-03T14:09:38.390636Z,67.467
#рдХреЬреА_рдХрд╛рд░реНрдпрд╡рд╛рд╣реА рдЕрдирдВрддрдирд╛рдЧ рдореЗрдВ 3 рдЖрддрдВрдХрд╡рд╛рджреА рд░рд╡рд╛рдирд╛ 72 рд╣реВрд░реЛрдВ рдХреЗ рдкрд╛рд╕.рдПрдирдХрд╛рдЙрдВрдЯрд░ рдЬрд╛рд░реА. рдЬрдп рд╣рд┐рдВрджЁЯСН,1,0,31830,negative discourse,2,437,2022-11-02T13:03:08.314221Z,2022-11-03T14:08:39.356721Z,78.053
рдпреВрдкреА - 2016 рдХреА рдкрд░реЗрдб рдпреВрдкреА - 2022 рдХреА рдкрд░реЗрдб,1,0,31824,needs more context,2,398,2022-10-27T10:38:02.376168Z,2022-11-03T13:58:31.803421Z,23.844
"рдордВрджрд┐рд░рдУ рдкреЗ рдЬрдмрд░рди рдЖрдХреНрд░рдордг рддреЛ рдХрднреА рд╕рдирд╛рддрдиреА рд╕рд╛рдзреБрдУ рдкреЗ рдкреНрд░рд╣рд╛рд░ рдЖрдЦрд┐рд░ рдХрдм рддрдХ рд╕рд╣реЗрдЧрд╛ рд╕рдирд╛рддрдиреА рдпреЗ рдХреНрд░реВрд░ рд╣рд┐рдВрд╕рдХ рдлрд┐рд╕рджрд┐ рдорд╛рдЬрд╣рдм рдХрд╛ рд╡рд╛рд░ рд╕рдордп рдЖрдЧрдпрд╛ рд╣реИ рд╣рдо рдпрд╛ рддреЛ рдорд╛рдХреВрд▓ рдЬрд╡рд╛рдм рджреЗ, рд╡реИрд╕реЗ рд╣реА рднрд╛рд╖рд╛ рдореЗрдВ рджреЗрдВ рдЬреЛ рд╢рддреНрд░реБ рд╕рдордЭреЗ рдпрд╛ рд╢рддреНрд░реБрдмреАрдЬ рдХрд╛ рдЕрдВрдд рд╣реА рдХрд░рджреЗ рдкреИрдирд▓ рдЕрддрд┐рдерд┐ : рд╕реБрдкреНрд░реАрдо рдХреЛрд░реНрдЯ рдЕрдзрд┐рд╡рдХреНрддрд╛: рдирд╡реАрди рдХреЛрдорд▓ рдЬреА, рд╣рд┐рдиреНрджреВ рдЕрднрд┐рдиреЗрддреНрд░реА рдкреНрд░рд╛рдЪреА рдЕрдзрд┐рдХрд╛рд░реА,",0,1,31845,Hateful,2,450,2022-11-02T21:33:36.354683Z,2022-11-02T21:33:36.354711Z,18.277
рдпрджрд┐ рдЖрдк рдЗрд╕ рдмрд╛рдд рд╕реЗ рд╕рд╣рдордд рд╣реИрдВ рддреЛ рдЗрд╕реЗ рд╢реЗрдпрд░ рдХрд░реЗрдВ рдФрд░ рд╣рдорд╛рд░реЗ рдкреЗрдЬ рдХреЛ рд▓рд╛рдЗрдХ рдХрд░реЗрдВ India Virals,1,0,31844,Non-hateful,2,449,2022-11-02T21:33:15.944586Z,2022-11-02T21:33:15.944613Z,11.368
"""""рдПрдХ рдЕрдЪреНрдЫреА рдорд╛рдБ рд╣рд░ рдХрд┐рд╕реА рдХреЗ рдкрд╛рд╕ рд╣реЛрддреА рд╣реИ рд▓реЗрдХрд┐рди"""" """"рдПрдХ рдЕрдЪреНрдЫреА рдФрд▓рд╛рдж рд╣рд░ рдорд╛рдБ рдХреЗ рдкрд╛рд╕ рдирд╣реАрдВ рд╣реЛрддреА...!!"""" #рдЖрдЬрд╝рд╛рдж #Aazaad #Rashtraputra #рдЖрдЬрд╝рд╛рдж #AzadArmy #Azad #JNU #HinduHero #AzadiWithAazaad #Movie #VandeMataram #рд╕рдирд╛рддрди_рднрд╛рд░рдд_рдЧреМрд░рд╡_рдордВрдЪ #ChandrashekharAzad #Bollywood #BombayTalkies #BombayTalkiesPictures #DubeIndustries #TheRajnarayanDube #ThePillarOfIndianCinema #BombayTalkiesLabortaries",1,0,31843,Non-hateful,2,448,2022-11-02T21:33:02.952365Z,2022-11-02T21:33:02.952392Z,17.611
"рдПрдХ рдореБрд╕реНрд▓рд┐рдо рд╡реНрдпрдХреНрддрд┐ рдиреЗ рд░реБрдмрд┐рдХрд╛ рд▓рд┐рдпрд╛рдХрдд рдХреЛ рдХрд╣реА рдРрд╕реА рдмрд╛рдд,рд░реБрдмрд┐рдХрд╛ рд▓рд┐рдпрд╛рдХрдд рдиреЗ рд▓рддрд╛реЬрд╛ред",0,1,31842,negative discourse,2,447,2022-11-02T21:32:43.099612Z,2022-11-02T21:32:43.099638Z,10.495
рддреИрдореВрд░ рдЦрд╛рди рдХреА рдЕрдореНрдореА рдХрд░реАрдирд╛ рдЦрд╛рди рдлрд┐рд░ рд╣реБрдИ рдЯреНрд░реЛрд▓ рд▓реЛрдЧреЛ рдиреЗ рдХрд╣рд╛ рдмреЗрдмреЛ рддреБрдо тАж,0,1,31840,Hateful,2,446,2022-11-02T21:32:30.304903Z,2022-11-02T21:32:30.304932Z,8.522
рджреАрдкрд╛рд╡рд▓реА рдХреЗ рдмрд╛рдж рджреЗрд╢ рдореЗрдВ рдореЛрдордмрддреНрддрд┐рдпрд╛рдВ рдЬрдиреНрдорджрд┐рди рдХреЗ рдЕрд▓рд╛рд╡рд╛ рд╕рд┐рд░реНрдл рд╕рд┐рд░реНрдл рдореБрд╕рд▓рдорд╛рдиреЛрдВ рдХреЗ рд▓рд┐рдП рднрд╛рдВрдб рд╕реЗрдХреБрд▓рд░реЛрдВ рджреНрд╡рд╛рд░рд╛ рдЬрд▓рд╛рдИ рдЬрд╛рддреА рд╣реИрдВред #JusticeForGeeta,0,1,31839,Hateful,2,445,2022-11-02T21:32:20.411355Z,2022-11-02T21:32:20.411380Z,16.33
рдкреНрд░рдзрд╛рдирдордВрддреНрд░реА рдирд░реЗрдВрджреНрд░ рдореЛрджреА рдиреЗ рд╢рд┐рд╡рд╛рдЬреА рдкрд╛рд░реНрдХ рдкрд╣реБрдВрдЪрдХрд░ рднрд╛рд░рдд рд░рддреНрди рд▓рддрд╛ рдордВрдЧреЗрд╢рдХрд░ рдХреЛ рд╢реНрд░рджреНрдзрд╛рдВрдЬрд▓рд┐ рдЕрд░реНрдкрд┐рдд рдХреАред,2,0,31838,Non-hateful,2,444,2022-11-02T21:32:02.538999Z,2022-11-02T21:32:02.539025Z,14.398
рдЕрдпреЛрдзреНрдпрд╛ рдХреЗ рдмрд╛рдж рдЕрдм рдмреНрд░рдЬ рдХреА рдмрд╛рд░реА ...,1,0,31837,negative discourse,2,443,2022-11-02T21:31:45.473890Z,2022-11-02T21:31:45.473918Z,8.375
Not many people know .. Vasco De Gama ... and Christopher Columbus.. were ordered by Church to look for a Safe Route to INDIA.....Not as Tourist... BC India was the most prosperous Country at that time ...they came to loot and convert .. just like Muslims,0,1,31836,Hateful,2,442,2022-11-02T21:31:35.424410Z,2022-11-02T21:31:35.424451Z,16.85
рдореЛрджреА рд╡рд┐рд░реЛрдз рдореЗрдВ рдХрдм рдпреЗ рджреЗрд╢ рд╡рд┐рд░реЛрдзреА рд╣реЛ рдЧрдП рдкрддрд╛ рд╣реА рдирд╣реА рдЪрд▓рд╛ рдкреНрд░рднреБ рд╕рджреНрдмреБрджреНрдзрд┐ рджреЗ рдЗрди рдореЛрджреА рд╡рд┐рд░реЛрдзрд┐рдпреЛ рдХреЛ ЁЯЩПЁЯЩПЁЯЩПЁЯЩП,0,1,31835,negative discourse,2,441,2022-11-02T21:31:17.126070Z,2022-11-02T21:31:17.126096Z,5.581
рдпреЗ рд╣реИрдВ рд╣рдорд╛рд░реЗ рд╕рдВрд╕реНрдХрд╛рд░ . рдЬреЛ рдкреБрд▓рд┐рд╕ рдкрд░ рдкрддреНрдерд░ рдлреЗрдВрдХрдирд╛ рдирд╣реАрдВ рд╕рд┐рдЦрд╛рддреЗ рдкреИрд░ рдЫреВрдирд╛ рд╕рд┐рдЦрд╛рддреЗ рд╣реИрдВ,0,1,31834,negative discourse,2,440,2022-11-02T21:31:10.064497Z,2022-11-02T21:31:10.064529Z,6.363
"рдЙрд▓реНрд▓реВ рдХреЛ рд╕реВрд░реНрдп рд╕реЗ рдкрд░реЗрд╢рд╛рдиреА рд╣реИрдВ, рдФрд░ рдЙрд▓реНрд▓реВ рдХреЗ рдкрдареНрдареЛ рдХреЛ рд╕реВрд░реНрдп рдирдорд╕реНрдХрд╛рд░ рд╕реЗ..!! !! рдЬрдп рдЬрдп рд╢реНрд░реА рд░рд╛рдо !! ЁЯЩПЁЯЪй",2,1,31825,Hateful,2,399,2022-10-27T10:38:12.585164Z,2022-11-02T14:23:19.622208Z,15.578
рдЬрдм рддрдХ рдЕрджрд╛рд▓рдд рджреЛрд╖реА рдХрд░рд╛рд░ рдирд╛ рджреЗ рддрдм рддрдХ рд╡рд╛рдбреНрд░рд╛ рдХреЛ рдЕрдкрд░рд╛рдзреА рдирд╣реА рдХрд╣ рд╕рдХрддреЗ - рдХрд╛рдВрдЧреНрд░реЗрд╕ рддреЛ рдлрд┐рд░ рдЪреМрдХреАрджрд╛рд░ рдЪреЛрд░ рдХреИрд╕реЗ рд╣реБрдЖ рдмреЗ реЩрд╛рдирджрд╛рдиреА рдЪрдореНрдордЪреЛрдВ ?,0,1,31823,negative discourse,2,397,2022-10-27T10:37:50.793291Z,2022-11-02T14:22:59.221538Z,36.479
"рдХреБрд░рд╛рди рдХреА 26 рдЖрдпрддреЛрдВ рдХреЛ рд╣рдЯрд╛рдиреЗ рдХреЗ рд▓рд┐рдП рд╡рд╕реАрдо рд░рд┐реЫрд╡реА рдиреЗ SC рдореЗрдВ рджрд╛рдпрд░ рдХреА рдпрд╛рдЪрд┐рдХрд╛, рдХрд╣рд╛ рдХреА....",1,0,31822,negative discourse,2,396,2022-10-27T10:37:28.991533Z,2022-11-02T14:22:41.021911Z,16.352
рд╕рд╡рд╛рд▓ рдкреВрдЫрддрд╛ рд╣реИ рдмреНрд░рд╣реНрдорд░реНрд╖рд┐ рдХрд┐рд╕ ЁЯХМрдорд╕реНрдЬрд┐рдж рдореЗрдВ рд╣рд╡рди ЁЯФе рдХрд░рдиреЗ рдХреА рдЗрдЬрд╛рдЬрдд рджреА рдЬрд╛рдПрдЧреА рд╣рд┐рдВрджреВ рдореБрд╕реНрд▓рд┐рдо рдПрдХрддрд╛ рдХреЗ рд▓рд┐рдП рдореИрдВ рддреИрдпрд╛рд░ рд╣реВрдВ рд╣рд╡рди рдХрд░рдиреЗ рдХреЛ,1,1,31821,negative discourse,2,395,2022-10-27T10:37:18.315228Z,2022-11-02T14:22:31.497186Z,19.23
рдпреЗ рдореБрдЧрд▓реЛрдВ рдХрд╛ рдЖрднрд╛рд░ рднреА рдЬрддрд╛ рдЪреБрдХреА рд╣реИ!,2,1,31820,negative discourse,2,394,2022-10-27T10:37:03.116324Z,2022-11-02T14:22:20.332987Z,23.695
"рдкрд╣рд▓реЗ рдирд╛рд░рд╛ рдерд╛ рдордиреНрджрд┐рд░ рд╡рд╣реАрдВ рдмрдирд╛рдПрдВрдЧреЗ, рд▓реЗрдХрд┐рди рдЕрдм рдирд╛рд░рд╛ рд╣реИ рд╣рд┐рдиреНрджреВ рдХреЛ рдЬрдЧрд╛рдПрдВрдЧреЗ рд╣рд┐рдиреНрджреВ рд░рд╛рд╖реНрдЯреНрд░ рдмрдирд╛рдПрдВрдЧреЗред рдПрдХ рдмрд╛рд░ рдмреЛрд▓ рджреЗрдВред #рдЬрдп_рд╢реНрд░реА_рд░рд╛рдоЁЯЩПЁЯЪйЁЯЪй",2,1,31833,Hateful,2,439,2022-11-02T14:13:04.847785Z,2022-11-02T14:13:04.847822Z,4177.323
"рд╡рд┐рдХреНрдХреА-рдХреИрдЯрд░реАрдирд╛ рдХреИрдл рдХреЗ Wedding Venue рдХрд╛ рд╣реБрдЖ рдЦреБрд▓рд╛рд╕рд╛, рд░рд╛рдЬрд╕реНрдерд╛рди рдХреЗ 700 рд╕рд╛рд▓ рдкреБрд░рд╛рдиреЗ рдЗрд╕ рдмрд░рд╡рд╛рдбрд╝рд╛ рдореЗрдВ рд╣реЛрдЧреА рд╢рд╛рджреА",1,0,31829,Non-hateful,2,436,2022-11-02T13:02:56.431785Z,2022-11-02T13:02:56.431816Z,13.637
"370 рд╣рдЯрдиреЗ рдХреЗ рдмрд╛рдж рдХрд╢реНрдореАрд░ рдореЗрдВ рдЕрдм рдЬреЛ рд╢рд╛рдВрддрд┐ рд╣реИ ,рд╢рд╛рди рд╕реЗ рддрд┐рд░рдБрдЧрд╛ рд▓рд╣рд░рд╛ рд░рд╣рд╛ рд╣реИ рдЙрд╕рд╕реЗ рднрд╛рд░рдд рдореЗ рдмреИрдареЗ рдЧрджреНрджрд╛рд░ рдФрд░ рдкрд╛рдХрд┐рд╕реНрддрд╛рди рджреЛрдиреЛрдВ рджреБрдЦреА рд╣реИрдВ",0,1,31828,Hateful,2,435,2022-11-02T13:02:38.655329Z,2022-11-02T13:02:38.655375Z,12.561
"In Bareilly, Hindus write ""this house is for sale"" outside their house This is because they are worried after peacefuls regularly harass their daughter Where are the people who cry when peacefuls are 'allegedly' denied rental house?",0,1,32078,Hateful,3,434,2022-10-28T07:27:10.551789Z,2022-10-28T07:27:10.551815Z,8.485
ЁЯШН,2,0,32490,Non-hateful,3,430,2022-10-27T11:25:16.407524Z,2022-10-27T11:25:16.407548Z,2.131
рд╕реБрд▓реЗрдорд╛рдиреА рдХреАреЬрд╛ рдЬрдЧ рдЧрдпрд╛ рд╣реЛрдЧрд╛...,0,1,32532,Hateful,3,429,2022-10-27T11:24:51.936385Z,2022-10-27T11:24:51.936410Z,18.519
"ржХрж┐ржЫрзБ, рждрзНрж░рж┐ржирзБржирзБ ржЬрж┐рж╣рж╛ржжрж┐ ржорзЛрж▓рзНрж▓рж╛ рж░рж╛ ржмрж╛ржЩрж╛рж▓рж┐ ржмрж┐рж╣рж╛рж░рзА ржжрзЗрж░ ржоржзрзНржпрзЗ ржмрж┐ржнрзЗржж рж▓рж╛ржЧрж╛ржирзЛрж░ ржЪрзЗрж╖рзНржЯрж╛ ржХрж░ржЫрзЗред рждрж╛ржжрзЗрж░ ржЧрж░рзНржмрзЗ рж╕рж╛ржерзЗ ржмрж▓рзБржи ржЬрзЯ рж╢рзНрж░рзА рж░рж╛ржо",1,1,32533,Hateful,3,428,2022-10-27T11:24:31.420400Z,2022-10-27T11:24:31.420424Z,16.012
Om Shanti,2,0,32481,Non-hateful,3,427,2022-10-27T11:23:18.466809Z,2022-10-27T11:23:18.466835Z,1.962
Indian secularism.,0,1,32386,Non-hateful,3,426,2022-10-27T11:23:04.900733Z,2022-10-27T11:23:04.900761Z,1.964
рдереЛреЬрд╛ рдзреНрдпрд╛рди рджреЗрдВ,1,0,32377,Non-hateful,3,425,2022-10-27T11:22:56.851396Z,2022-10-27T11:22:56.851433Z,13.691
ЁЯШВЁЯШВ,1,0,32362,Non-hateful,3,424,2022-10-27T11:22:39.669024Z,2022-10-27T11:22:39.669067Z,2.228
Must share,2,0,32343,Non-hateful,3,423,2022-10-27T11:22:33.733892Z,2022-10-27T11:22:33.733918Z,2.149
Muslims girls are under Maulana? ЁЯШВЁЯдгЁЯШВЁЯдг,0,1,32181,Hateful,3,422,2022-10-27T11:21:48.506903Z,2022-10-27T11:21:48.506933Z,4.211
#AkhandBharat,0,1,32142,Non-hateful,3,421,2022-10-27T11:21:35.135770Z,2022-10-27T11:21:35.135797Z,3.214
MERA BHARAT MAHAN-NAMO NAMO NAMAMI-JAI HIND JAI BHARAT.,2,1,32141,Non-hateful,3,420,2022-10-27T11:21:28.871158Z,2022-10-27T11:21:28.871198Z,7.603
16th December 1971,1,0,32135,Non-hateful,3,419,2022-10-27T11:21:19.316754Z,2022-10-27T11:21:19.316783Z,2.046
THIS :(,0,0,32130,Non-hateful,3,418,2022-10-27T11:21:15.090219Z,2022-10-27T11:21:15.090251Z,2.597
According to Sickulars,1,1,32089,Hateful,3,417,2022-10-27T11:20:54.847135Z,2022-10-27T11:20:54.847181Z,7.613
рдпреЛрдЧреАрдЬреА рдХреА рдЭрд▓рдХ рд╕рдмрд╕реЗ рдЕрд▓рдЧред,2,0,32080,Non-hateful,3,416,2022-10-27T11:20:40.565546Z,2022-10-27T11:20:40.565579Z,25.516
ред рдЬрдп рд╢реНрд░реА рд░рд╛рдо ред,2,0,32198,Non-hateful,3,415,2022-10-27T11:02:54.827137Z,2022-10-27T11:02:54.827166Z,1.801
рдзреЛрдмреА рдХрд╛ рдХреБ... рдирд╛ рдШрд░ рдХрд╛ рдирд╛ рдШрд╛рдЯ...,0,1,32167,Hateful,3,414,2022-10-27T11:02:30.565715Z,2022-10-27T11:02:30.565742Z,20.627
рд░рд╛рдЬрд╕реНрдерд╛рди рдХрд╛ рд╣рд┐рдВрджреВ рдЬрд╛рдЧ рд░рд╣рд╛ рд╣реИред,0,1,32101,Non-hateful,3,413,2022-10-27T11:02:03.665099Z,2022-10-27T11:02:03.665130Z,11.728
Difference is clear,0,0,32083,Non-hateful,3,412,2022-10-27T11:01:47.698285Z,2022-10-27T11:01:47.698314Z,2.702
рдХрднреА 50 рд░реБрдкрдпреЗ рдХрдорд╛рдиреЗ рд╡рд╛рд▓реЗ тАШрдЬреЗрдард╛рд▓рд╛рд▓тАЩ рдЖрдЬ рд╣реИрдВ рдЗрддрдиреА рд╕рдВрдкрддреНрддрд┐ рдХреЗ рдорд╛рд▓рд┐рдХ,1,1,32060,Non-hateful,3,411,2022-10-27T11:01:41.680271Z,2022-10-27T11:01:41.680298Z,44.735
рдЬрдп рд╢реНрд░реА рд░рд╛рдзреЗ рдЧреЛрд╡рд┐рдиреНрдж,2,0,32030,Non-hateful,3,410,2022-10-27T11:00:52.393458Z,2022-10-27T11:00:52.393489Z,6.592
рд╢реЗрдпрд░ рдХрд░реЛ рд╣рд┐рдВрджреБрдУрдВ,1,1,32015,Non-hateful,3,409,2022-10-27T11:00:42.273800Z,2022-10-27T11:00:42.273829Z,14.565
Kya hoga is party ka Baghwan jane....,0,1,32014,Non-hateful,3,408,2022-10-27T11:00:25.681320Z,2022-10-27T11:00:25.681363Z,4.063
рднрд╛рд░рдд рдорд╛рддрд╛ рдХреА рдЬрдп,2,0,32006,Non-hateful,3,407,2022-10-27T11:00:18.153762Z,2022-10-27T11:00:18.153791Z,4.943
ЁЯЪйЁЯЩПрдЬрдп рд╢реНрд░реАрд░рд╛рдоЁЯЩПЁЯЪй,2,0,31956,Non-hateful,3,406,2022-10-27T10:59:41.414165Z,2022-10-27T10:59:41.414191Z,2.469
рдбрд┐рдЬрд┐рдЯрд▓ рдХреНрд░рд╛рдВрддрд┐,1,0,31955,Non-hateful,3,405,2022-10-27T10:59:36.863311Z,2022-10-27T10:59:36.863340Z,16.119
рдЬрдп рд╢реНрд░реА рд░рд╛рдо,2,0,31902,Non-hateful,3,404,2022-10-27T10:59:05.522866Z,2022-10-27T10:59:05.522911Z,2.344
#AkhandBharat,0,1,31873,Non-hateful,3,403,2022-10-27T10:58:56.338525Z,2022-10-27T10:58:56.338554Z,4.391
Fraud Article 35(A) is going to be declared illegal and removed. All arrangements done.,0,0,31841,Non-hateful,3,402,2022-10-27T10:58:42.839308Z,2022-10-27T10:58:42.839342Z,6.351
"рдкреНрд░рд╢рд╛рдВрдд рдХрд┐рд╢реЛрд░ рдиреЗ рд▓рд┐рдЦ рджрд┐рдпрд╛ рдерд╛ рдРрд╕рд╛,PM рдореЛрджреА рдХреЗ рдСрдлрд┐рд╕ рд╕реЗ рдЖ рдЧрдпрд╛ рдерд╛ рдлреЛрди,рдЬрд╛рдирд┐рдП рдХреНрдпрд╛",1,0,31827,Non-hateful,2,401,2022-10-27T10:38:52.828528Z,2022-10-27T10:38:52.828555Z,11.378
рдПрдХ рдЫреЛрдЯреА рд╕реА рдореБрд╣рд┐рдо рд╕реЗ рдЬреБрдбрд╝рддреЗ рдЪрд▓реЗ рдЕрдЧрд▓реА рдмрд╛рд░ рдкрдЫрддрд╛рдирд╛ рдирд╛ рдкрдбрд╝реЗ рдЗрд╕рдХреЗ рд▓рд┐рдП рдЕрднреА рд╕реЗ рдмрдВрдЧрд╛рд▓ рдХреЗ рд╢реЗрд░ рдХреЛ рдмрдВрдЧрд╛рд▓ рдХреЗ CM рдХреЗ рд▓рд┐рдП suvendu adhikari рдХреЗ рдирд╛рдо рдХреЗ рдЧреНрд░реВрдк рд╕реЗ рдЬреБрдбрд╝рддреЗ рдЪрд▓реЗ редрдЧреНрд░реВрдк рд╕реЗ рдЬреБрдбрд╝рдиреЗ рдХреЛ рд▓рд┐рдВрдХ рдкрд░ click рдХрд░реЗ https://www.facebook.com/groups/1093490687803573/?ref=share,1,0,31826,Non-hateful,2,400,2022-10-27T10:38:39.468158Z,2022-10-27T10:38:39.468188Z,24.762
